__sheet__,resultado,indicador,tendencia_esperada,anio,valor,anio_base_pds,anio_base_dato,anio_ultimo,avance,cambio,tipo_cambio,cumple
Indicadores,Cambio climatico,"Consumo de sustancias que agotan la capa de ozono, en toneladas PAO - (ODS 12.4.2.b)",Menor es mejor,2014.0,8.08,2019.0,4.29,2024.0,4.66,0.3700000000000001,Reducción,No
Indicadores,Cambio climatico,"Consumo de sustancias que agotan la capa de ozono, en toneladas PAO - (ODS 12.4.2.b)",Menor es mejor,2015.0,8.54,2019.0,4.29,2024.0,4.66,0.3700000000000001,Reducción,No
Indicadores,Cambio climatico,"Consumo de sustancias que agotan la capa de ozono, en toneladas PAO - (ODS 12.4.2.b)",Menor es mejor,2016.0,5.84,2019.0,4.29,2024.0,4.66,0.3700000000000001,Reducción,No
Indicadores,Cambio climatico,"Consumo de sustancias que agotan la capa de ozono, en toneladas PAO - (ODS 12.4.2.b)",Menor es mejor,2017.0,6.41,2019.0,4.29,2024.0,4.66,0.3700000000000001,Reducción,No
Indicadores,Cambio climatico,"Consumo de sustancias que agotan la capa de ozono, en toneladas PAO - (ODS 12.4.2.b)",Menor es mejor,2018.0,6.42,2019.0,4.29,2024.0,4.66,0.3700000000000001,Reducción,No
Indicadores,Cambio climatico,"Consumo de sustancias que agotan la capa de ozono, en toneladas PAO - (ODS 12.4.2.b)",Menor es mejor,2019.0,4.29,2019.0,4.29,2024.0,4.66,0.3700000000000001,Reducción,No
Indicadores,Cambio climatico,"Consumo de sustancias que agotan la capa de ozono, en toneladas PAO - (ODS 12.4.2.b)",Menor es mejor,2020.0,3.44,2019.0,4.29,2024.0,4.66,0.3700000000000001,Reducción,No
Indicadores,Cambio climatico,"Consumo de sustancias que agotan la capa de ozono, en toneladas PAO - (ODS 12.4.2.b)",Menor es mejor,2021.0,2.74,2019.0,4.29,2024.0,4.66,0.3700000000000001,Reducción,No
Indicadores,Cambio climatico,"Consumo de sustancias que agotan la capa de ozono, en toneladas PAO - (ODS 12.4.2.b)",Menor es mejor,2022.0,3.97,2019.0,4.29,2024.0,4.66,0.3700000000000001,Reducción,No
Indicadores,Cambio climatico,"Consumo de sustancias que agotan la capa de ozono, en toneladas PAO - (ODS 12.4.2.b)",Menor es mejor,2023.0,3.52,2019.0,4.29,2024.0,4.66,0.3700000000000001,Reducción,No
Indicadores,Cambio climatico,"Consumo de sustancias que agotan la capa de ozono, en toneladas PAO - (ODS 12.4.2.b)",Menor es mejor,2024.0,4.66,2019.0,4.29,2024.0,4.66,0.3700000000000001,Reducción,No
Indicadores,Cambio climatico,Grado de la implementación de la gestión integral de los recursos hídricos (ODS 6.5.1),Mayor es mejor,2019.0,21.0,2017.0,21.0,2023.0,38.0,17.0,Aumento,Si
Indicadores,Cambio climatico,Grado de la implementación de la gestión integral de los recursos hídricos (ODS 6.5.1),Mayor es mejor,2020.0,23.0,2017.0,21.0,2023.0,38.0,17.0,Aumento,Si
Indicadores,Cambio climatico,Grado de la implementación de la gestión integral de los recursos hídricos (ODS 6.5.1),Mayor es mejor,2023.0,38.0,2017.0,21.0,2023.0,38.0,17.0,Aumento,Si
Indicadores,Cambio climatico,"Pérdidas en la producción de granos básicos por fenómenos climáticos, en relación al PIBA",Menor es mejor,2014.0,5.29,2019.0,0.05,2024.0,2.5,2.45,Reducción,No
Indicadores,Cambio climatico,"Pérdidas en la producción de granos básicos por fenómenos climáticos, en relación al PIBA",Menor es mejor,2015.0,6.2,2019.0,0.05,2024.0,2.5,2.45,Reducción,No
Indicadores,Cambio climatico,"Pérdidas en la producción de granos básicos por fenómenos climáticos, en relación al PIBA",Menor es mejor,2016.0,0.0,2019.0,0.05,2024.0,2.5,2.45,Reducción,No
Indicadores,Cambio climatico,"Pérdidas en la producción de granos básicos por fenómenos climáticos, en relación al PIBA",Menor es mejor,2017.0,0.0,2019.0,0.05,2024.0,2.5,2.45,Reducción,No
Indicadores,Cambio climatico,"Pérdidas en la producción de granos básicos por fenómenos climáticos, en relación al PIBA",Menor es mejor,2018.0,4.76,2019.0,0.05,2024.0,2.5,2.45,Reducción,No
Indicadores,Cambio climatico,"Pérdidas en la producción de granos básicos por fenómenos climáticos, en relación al PIBA",Menor es mejor,2019.0,0.05,2019.0,0.05,2024.0,2.5,2.45,Reducción,No
Indicadores,Cambio climatico,"Pérdidas en la producción de granos básicos por fenómenos climáticos, en relación al PIBA",Menor es mejor,2020.0,1.3,2019.0,0.05,2024.0,2.5,2.45,Reducción,No
Indicadores,Cambio climatico,"Pérdidas en la producción de granos básicos por fenómenos climáticos, en relación al PIBA",Menor es mejor,2021.0,0.0,2019.0,0.05,2024.0,2.5,2.45,Reducción,No
Indicadores,Cambio climatico,"Pérdidas en la producción de granos básicos por fenómenos climáticos, en relación al PIBA",Menor es mejor,2022.0,0.76,2019.0,0.05,2024.0,2.5,2.45,Reducción,No
Indicadores,Cambio climatico,"Pérdidas en la producción de granos básicos por fenómenos climáticos, en relación al PIBA",Menor es mejor,2023.0,0.32,2019.0,0.05,2024.0,2.5,2.45,Reducción,No
Indicadores,Cambio climatico,"Pérdidas en la producción de granos básicos por fenómenos climáticos, en relación al PIBA",Menor es mejor,2024.0,2.5,2019.0,0.05,2024.0,2.5,2.45,Reducción,No
Indicadores,Cambio climatico,Porcentaje de cuerpos de agua (ríos) de buena calidad ambiental,Mayor es mejor,2017.0,57.0,2019.0,59.0,2024.0,56.0,-3.0,Aumento,No
Indicadores,Cambio climatico,Porcentaje de cuerpos de agua (ríos) de buena calidad ambiental,Mayor es mejor,2018.0,55.0,2019.0,59.0,2024.0,56.0,-3.0,Aumento,No
Indicadores,Cambio climatico,Porcentaje de cuerpos de agua (ríos) de buena calidad ambiental,Mayor es mejor,2019.0,59.0,2019.0,59.0,2024.0,56.0,-3.0,Aumento,No
Indicadores,Cambio climatico,Porcentaje de cuerpos de agua (ríos) de buena calidad ambiental,Mayor es mejor,2020.0,54.0,2019.0,59.0,2024.0,56.0,-3.0,Aumento,No
Indicadores,Cambio climatico,Porcentaje de cuerpos de agua (ríos) de buena calidad ambiental,Mayor es mejor,2022.0,60.0,2019.0,59.0,2024.0,56.0,-3.0,Aumento,No
Indicadores,Cambio climatico,Porcentaje de cuerpos de agua (ríos) de buena calidad ambiental,Mayor es mejor,2023.0,60.0,2019.0,59.0,2024.0,56.0,-3.0,Aumento,No
Indicadores,Cambio climatico,Porcentaje de cuerpos de agua (ríos) de buena calidad ambiental,Mayor es mejor,2024.0,56.0,2019.0,59.0,2024.0,56.0,-3.0,Aumento,No
Indicadores,Cambio climatico,Porcentaje de distritos en riesgo con sistemas de alerta temprana,Mayor es mejor,2014.0,68.7,2019.0,84.0,2024.0,84.0,0.0,mantiene el valor LB,Sin Cambio
Indicadores,Cambio climatico,Porcentaje de distritos en riesgo con sistemas de alerta temprana,Mayor es mejor,2015.0,68.7,2019.0,84.0,2024.0,84.0,0.0,mantiene el valor LB,Sin Cambio
Indicadores,Cambio climatico,Porcentaje de distritos en riesgo con sistemas de alerta temprana,Mayor es mejor,2016.0,72.7,2019.0,84.0,2024.0,84.0,0.0,mantiene el valor LB,Sin Cambio
Indicadores,Cambio climatico,Porcentaje de distritos en riesgo con sistemas de alerta temprana,Mayor es mejor,2017.0,74.0,2019.0,84.0,2024.0,84.0,0.0,mantiene el valor LB,Sin Cambio
Indicadores,Cambio climatico,Porcentaje de distritos en riesgo con sistemas de alerta temprana,Mayor es mejor,2018.0,82.7,2019.0,84.0,2024.0,84.0,0.0,mantiene el valor LB,Sin Cambio
Indicadores,Cambio climatico,Porcentaje de distritos en riesgo con sistemas de alerta temprana,Mayor es mejor,2019.0,84.0,2019.0,84.0,2024.0,84.0,0.0,mantiene el valor LB,Sin Cambio
Indicadores,Cambio climatico,Porcentaje de distritos en riesgo con sistemas de alerta temprana,Mayor es mejor,2020.0,84.0,2019.0,84.0,2024.0,84.0,0.0,mantiene el valor LB,Sin Cambio
Indicadores,Cambio climatico,Porcentaje de distritos en riesgo con sistemas de alerta temprana,Mayor es mejor,2021.0,84.0,2019.0,84.0,2024.0,84.0,0.0,mantiene el valor LB,Sin Cambio
Indicadores,Cambio climatico,Porcentaje de distritos en riesgo con sistemas de alerta temprana,Mayor es mejor,2022.0,84.0,2019.0,84.0,2024.0,84.0,0.0,mantiene el valor LB,Sin Cambio
Indicadores,Cambio climatico,Porcentaje de distritos en riesgo con sistemas de alerta temprana,Mayor es mejor,2023.0,84.0,2019.0,84.0,2024.0,84.0,0.0,mantiene el valor LB,Sin Cambio
Indicadores,Cambio climatico,Porcentaje de distritos en riesgo con sistemas de alerta temprana,Mayor es mejor,2024.0,84.0,2019.0,84.0,2024.0,84.0,0.0,mantiene el valor LB,Sin Cambio
Indicadores,Cambio climatico,Porcentaje de hectáreas de ecosistemas restaurados,Mayor es mejor,2019.0,24.0,2019.0,24.0,2024.0,34.0,10.0,Aumento,Si
Indicadores,Cambio climatico,Porcentaje de hectáreas de ecosistemas restaurados,Mayor es mejor,2020.0,26.0,2019.0,24.0,2024.0,34.0,10.0,Aumento,Si
Indicadores,Cambio climatico,Porcentaje de hectáreas de ecosistemas restaurados,Mayor es mejor,2021.0,27.0,2019.0,24.0,2024.0,34.0,10.0,Aumento,Si
Indicadores,Cambio climatico,Porcentaje de hectáreas de ecosistemas restaurados,Mayor es mejor,2022.0,31.0,2019.0,24.0,2024.0,34.0,10.0,Aumento,Si
Indicadores,Cambio climatico,Porcentaje de hectáreas de ecosistemas restaurados,Mayor es mejor,2023.0,32.0,2019.0,24.0,2024.0,34.0,10.0,Aumento,Si
Indicadores,Cambio climatico,Porcentaje de hectáreas de ecosistemas restaurados,Mayor es mejor,2024.0,34.0,2019.0,24.0,2024.0,34.0,10.0,Aumento,Si
Indicadores,Cambio climatico,Porcentaje de superficie agrícola que dispone de sistemas de riego (ODS 2.4.1.b),Mayor es mejor,2014.0,2.39,2019.0,3.6,2024.0,3.3,-0.3000000000000003,Aumento,No
Indicadores,Cambio climatico,Porcentaje de superficie agrícola que dispone de sistemas de riego (ODS 2.4.1.b),Mayor es mejor,2015.0,9.03,2019.0,3.6,2024.0,3.3,-0.3000000000000003,Aumento,No
Indicadores,Cambio climatico,Porcentaje de superficie agrícola que dispone de sistemas de riego (ODS 2.4.1.b),Mayor es mejor,2016.0,4.32,2019.0,3.6,2024.0,3.3,-0.3000000000000003,Aumento,No
Indicadores,Cambio climatico,Porcentaje de superficie agrícola que dispone de sistemas de riego (ODS 2.4.1.b),Mayor es mejor,2017.0,5.15,2019.0,3.6,2024.0,3.3,-0.3000000000000003,Aumento,No
Indicadores,Cambio climatico,Porcentaje de superficie agrícola que dispone de sistemas de riego (ODS 2.4.1.b),Mayor es mejor,2018.0,5.1,2019.0,3.6,2024.0,3.3,-0.3000000000000003,Aumento,No
Indicadores,Cambio climatico,Porcentaje de superficie agrícola que dispone de sistemas de riego (ODS 2.4.1.b),Mayor es mejor,2019.0,3.6,2019.0,3.6,2024.0,3.3,-0.3000000000000003,Aumento,No
Indicadores,Cambio climatico,Porcentaje de superficie agrícola que dispone de sistemas de riego (ODS 2.4.1.b),Mayor es mejor,2020.0,2.9,2019.0,3.6,2024.0,3.3,-0.3000000000000003,Aumento,No
Indicadores,Cambio climatico,Porcentaje de superficie agrícola que dispone de sistemas de riego (ODS 2.4.1.b),Mayor es mejor,2021.0,2.9,2019.0,3.6,2024.0,3.3,-0.3000000000000003,Aumento,No
Indicadores,Cambio climatico,Porcentaje de superficie agrícola que dispone de sistemas de riego (ODS 2.4.1.b),Mayor es mejor,2022.0,3.2,2019.0,3.6,2024.0,3.3,-0.3000000000000003,Aumento,No
Indicadores,Cambio climatico,Porcentaje de superficie agrícola que dispone de sistemas de riego (ODS 2.4.1.b),Mayor es mejor,2023.0,3.9,2019.0,3.6,2024.0,3.3,-0.3000000000000003,Aumento,No
Indicadores,Cambio climatico,Porcentaje de superficie agrícola que dispone de sistemas de riego (ODS 2.4.1.b),Mayor es mejor,2024.0,3.3,2019.0,3.6,2024.0,3.3,-0.3000000000000003,Aumento,No
Indicadores,"Desarrollo integral de la primera infancia, niñez y adolescencia",Índice de desarrollo infantil temprano (ODS 4.2.1),Mayor es mejor,2014.0,81.0,2014.0,81.0,2021.0,82.6,1.599999999999994,Aumento,Si
Indicadores,"Desarrollo integral de la primera infancia, niñez y adolescencia",Índice de desarrollo infantil temprano (ODS 4.2.1),Mayor es mejor,2021.0,82.6,2014.0,81.0,2021.0,82.6,1.599999999999994,Aumento,Si
Indicadores,"Desarrollo integral de la primera infancia, niñez y adolescencia",Porcentaje de niñas y niños menores de 5 años cuyo nacimiento se ha registrado ante una autoridad civil (ODS 16.9.1),Mayor es mejor,2020.0,88.7,,,2023.0,,,Reducción,No
Indicadores,"Desarrollo integral de la primera infancia, niñez y adolescencia",Porcentaje de niñas y niños menores de 5 años cuyo nacimiento se ha registrado ante una autoridad civil (ODS 16.9.1),Mayor es mejor,2021.0,86.46,,,2023.0,,,Reducción,No
Indicadores,"Desarrollo integral de la primera infancia, niñez y adolescencia",Porcentaje de niñas y niños menores de 5 años cuyo nacimiento se ha registrado ante una autoridad civil (ODS 16.9.1),Mayor es mejor,2022.0,84.5,,,2023.0,,,Reducción,No
Indicadores,"Desarrollo integral de la primera infancia, niñez y adolescencia",Porcentaje de niñas y niños menores de 5 años cuyo nacimiento se ha registrado ante una autoridad civil (ODS 16.9.1),Mayor es mejor,2023.0,81.11,,,2023.0,,,Reducción,No
Indicadores,"Desarrollo integral de la primera infancia, niñez y adolescencia",Porcentaje de niñas y niños menores de 5 años cuyo nacimiento se ha registrado ante una autoridad civil (ODS 16.9.1),Mayor es mejor,2024.0,79.8,,,2023.0,,,Reducción,No
Indicadores,"Desarrollo integral de la primera infancia, niñez y adolescencia",Tasa de culminación en educación primaria,Mayor es mejor,2024.0,92.5,,,2024.0,,,Nuevo,nan
Indicadores,"Desarrollo integral de la primera infancia, niñez y adolescencia",Tasa de culminación en educación secundaria alta,Mayor es mejor,2024.0,62.0,,,2024.0,,,Nuevo,nan
Indicadores,"Desarrollo integral de la primera infancia, niñez y adolescencia",Tasa de culminación en educación secundaria baja,Mayor es mejor,2024.0,77.4,,,2024.0,,,Nuevo,nan
Indicadores,"Desarrollo integral de la primera infancia, niñez y adolescencia",Tasa neta de matriculación en educación inicial (ODS 4.2.2.a),Mayor es mejor,2014.0,1.4,2019.0,4.7,2024.0,12.1,7.399999999999999,Aumento,Si
Indicadores,"Desarrollo integral de la primera infancia, niñez y adolescencia",Tasa neta de matriculación en educación inicial (ODS 4.2.2.a),Mayor es mejor,2015.0,2.1,2019.0,4.7,2024.0,12.1,7.399999999999999,Aumento,Si
Indicadores,"Desarrollo integral de la primera infancia, niñez y adolescencia",Tasa neta de matriculación en educación inicial (ODS 4.2.2.a),Mayor es mejor,2016.0,1.9,2019.0,4.7,2024.0,12.1,7.399999999999999,Aumento,Si
Indicadores,"Desarrollo integral de la primera infancia, niñez y adolescencia",Tasa neta de matriculación en educación inicial (ODS 4.2.2.a),Mayor es mejor,2017.0,5.1,2019.0,4.7,2024.0,12.1,7.399999999999999,Aumento,Si
Indicadores,"Desarrollo integral de la primera infancia, niñez y adolescencia",Tasa neta de matriculación en educación inicial (ODS 4.2.2.a),Mayor es mejor,2018.0,6.4,2019.0,4.7,2024.0,12.1,7.399999999999999,Aumento,Si
Indicadores,"Desarrollo integral de la primera infancia, niñez y adolescencia",Tasa neta de matriculación en educación inicial (ODS 4.2.2.a),Mayor es mejor,2019.0,4.7,2019.0,4.7,2024.0,12.1,7.399999999999999,Aumento,Si
Indicadores,"Desarrollo integral de la primera infancia, niñez y adolescencia",Tasa neta de matriculación en educación inicial (ODS 4.2.2.a),Mayor es mejor,2020.0,5.29,2019.0,4.7,2024.0,12.1,7.399999999999999,Aumento,Si
Indicadores,"Desarrollo integral de la primera infancia, niñez y adolescencia",Tasa neta de matriculación en educación inicial (ODS 4.2.2.a),Mayor es mejor,2021.0,5.21,2019.0,4.7,2024.0,12.1,7.399999999999999,Aumento,Si
Indicadores,"Desarrollo integral de la primera infancia, niñez y adolescencia",Tasa neta de matriculación en educación inicial (ODS 4.2.2.a),Mayor es mejor,2022.0,5.7,2019.0,4.7,2024.0,12.1,7.399999999999999,Aumento,Si
Indicadores,"Desarrollo integral de la primera infancia, niñez y adolescencia",Tasa neta de matriculación en educación inicial (ODS 4.2.2.a),Mayor es mejor,2023.0,10.4,2019.0,4.7,2024.0,12.1,7.399999999999999,Aumento,Si
Indicadores,"Desarrollo integral de la primera infancia, niñez y adolescencia",Tasa neta de matriculación en educación inicial (ODS 4.2.2.a),Mayor es mejor,2024.0,12.1,2019.0,4.7,2024.0,12.1,7.399999999999999,Aumento,Si
Indicadores,"Desarrollo integral de la primera infancia, niñez y adolescencia",Tasa neta de matriculación en educación parvularia (ODS 4.2.2.b),Mayor es mejor,2014.0,58.6,2019.0,55.4,2024.0,75.4,20.00000000000001,Aumento,Si
Indicadores,"Desarrollo integral de la primera infancia, niñez y adolescencia",Tasa neta de matriculación en educación parvularia (ODS 4.2.2.b),Mayor es mejor,2015.0,57.5,2019.0,55.4,2024.0,75.4,20.00000000000001,Aumento,Si
Indicadores,"Desarrollo integral de la primera infancia, niñez y adolescencia",Tasa neta de matriculación en educación parvularia (ODS 4.2.2.b),Mayor es mejor,2016.0,57.3,2019.0,55.4,2024.0,75.4,20.00000000000001,Aumento,Si
Indicadores,"Desarrollo integral de la primera infancia, niñez y adolescencia",Tasa neta de matriculación en educación parvularia (ODS 4.2.2.b),Mayor es mejor,2017.0,56.3,2019.0,55.4,2024.0,75.4,20.00000000000001,Aumento,Si
Indicadores,"Desarrollo integral de la primera infancia, niñez y adolescencia",Tasa neta de matriculación en educación parvularia (ODS 4.2.2.b),Mayor es mejor,2018.0,57.4,2019.0,55.4,2024.0,75.4,20.00000000000001,Aumento,Si
Indicadores,"Desarrollo integral de la primera infancia, niñez y adolescencia",Tasa neta de matriculación en educación parvularia (ODS 4.2.2.b),Mayor es mejor,2019.0,55.4,2019.0,55.4,2024.0,75.4,20.00000000000001,Aumento,Si
Indicadores,"Desarrollo integral de la primera infancia, niñez y adolescencia",Tasa neta de matriculación en educación parvularia (ODS 4.2.2.b),Mayor es mejor,2020.0,54.51,2019.0,55.4,2024.0,75.4,20.00000000000001,Aumento,Si
Indicadores,"Desarrollo integral de la primera infancia, niñez y adolescencia",Tasa neta de matriculación en educación parvularia (ODS 4.2.2.b),Mayor es mejor,2021.0,47.83,2019.0,55.4,2024.0,75.4,20.00000000000001,Aumento,Si
Indicadores,"Desarrollo integral de la primera infancia, niñez y adolescencia",Tasa neta de matriculación en educación parvularia (ODS 4.2.2.b),Mayor es mejor,2022.0,50.0,2019.0,55.4,2024.0,75.4,20.00000000000001,Aumento,Si
Indicadores,"Desarrollo integral de la primera infancia, niñez y adolescencia",Tasa neta de matriculación en educación parvularia (ODS 4.2.2.b),Mayor es mejor,2023.0,62.3,2019.0,55.4,2024.0,75.4,20.00000000000001,Aumento,Si
Indicadores,"Desarrollo integral de la primera infancia, niñez y adolescencia",Tasa neta de matriculación en educación parvularia (ODS 4.2.2.b),Mayor es mejor,2024.0,75.4,2019.0,55.4,2024.0,75.4,20.00000000000001,Aumento,Si
Indicadores,Igualdad de género y empoderamiento de la mujer,Índice de Desigualdad de Género,Menor es mejor,2014.0,0.391657301643154,2019.0,0.309,2023.0,0.281,-0.02799999999999997,Reducción,Si
Indicadores,Igualdad de género y empoderamiento de la mujer,Índice de Desigualdad de Género,Menor es mejor,2015.0,0.3735111416277508,2019.0,0.309,2023.0,0.281,-0.02799999999999997,Reducción,Si
Indicadores,Igualdad de género y empoderamiento de la mujer,Índice de Desigualdad de Género,Menor es mejor,2016.0,0.3314452000172257,2019.0,0.309,2023.0,0.281,-0.02799999999999997,Reducción,Si
Indicadores,Igualdad de género y empoderamiento de la mujer,Índice de Desigualdad de Género,Menor es mejor,2017.0,0.3389052146154261,2019.0,0.309,2023.0,0.281,-0.02799999999999997,Reducción,Si
Indicadores,Igualdad de género y empoderamiento de la mujer,Índice de Desigualdad de Género,Menor es mejor,2018.0,0.3293821068171714,2019.0,0.309,2023.0,0.281,-0.02799999999999997,Reducción,Si
Indicadores,Igualdad de género y empoderamiento de la mujer,Índice de Desigualdad de Género,Menor es mejor,2019.0,0.309,2019.0,0.309,2023.0,0.281,-0.02799999999999997,Reducción,Si
Indicadores,Igualdad de género y empoderamiento de la mujer,Índice de Desigualdad de Género,Menor es mejor,2020.0,0.342,2019.0,0.309,2023.0,0.281,-0.02799999999999997,Reducción,Si
Indicadores,Igualdad de género y empoderamiento de la mujer,Índice de Desigualdad de Género,Menor es mejor,2021.0,0.369,2019.0,0.309,2023.0,0.281,-0.02799999999999997,Reducción,Si
Indicadores,Igualdad de género y empoderamiento de la mujer,Índice de Desigualdad de Género,Menor es mejor,2022.0,0.319,2019.0,0.309,2023.0,0.281,-0.02799999999999997,Reducción,Si
Indicadores,Igualdad de género y empoderamiento de la mujer,Índice de Desigualdad de Género,Menor es mejor,2023.0,0.281,2019.0,0.309,2023.0,0.281,-0.02799999999999997,Reducción,Si
Indicadores,Igualdad de género y empoderamiento de la mujer,"Tasa de feminicidios x 100,000 mujeres",Menor es mejor,2014.0,3.57,2019.0,3.36,2023.0,0.86,-2.5,Reducción,Si
Indicadores,Igualdad de género y empoderamiento de la mujer,"Tasa de feminicidios x 100,000 mujeres",Menor es mejor,2015.0,8.02,2019.0,3.36,2023.0,0.86,-2.5,Reducción,Si
Indicadores,Igualdad de género y empoderamiento de la mujer,"Tasa de feminicidios x 100,000 mujeres",Menor es mejor,2016.0,7.42,2019.0,3.36,2023.0,0.86,-2.5,Reducción,Si
Indicadores,Igualdad de género y empoderamiento de la mujer,"Tasa de feminicidios x 100,000 mujeres",Menor es mejor,2017.0,7.78,2019.0,3.36,2023.0,0.86,-2.5,Reducción,Si
Indicadores,Igualdad de género y empoderamiento de la mujer,"Tasa de feminicidios x 100,000 mujeres",Menor es mejor,2018.0,6.6,2019.0,3.36,2023.0,0.86,-2.5,Reducción,Si
Indicadores,Igualdad de género y empoderamiento de la mujer,"Tasa de feminicidios x 100,000 mujeres",Menor es mejor,2019.0,3.36,2019.0,3.36,2023.0,0.86,-2.5,Reducción,Si
Indicadores,Igualdad de género y empoderamiento de la mujer,"Tasa de feminicidios x 100,000 mujeres",Menor es mejor,2020.0,2.17,2019.0,3.36,2023.0,0.86,-2.5,Reducción,Si
Indicadores,Igualdad de género y empoderamiento de la mujer,"Tasa de feminicidios x 100,000 mujeres",Menor es mejor,2021.0,2.37,2019.0,3.36,2023.0,0.86,-2.5,Reducción,Si
Indicadores,Igualdad de género y empoderamiento de la mujer,"Tasa de feminicidios x 100,000 mujeres",Menor es mejor,2022.0,1.57,2019.0,3.36,2023.0,0.86,-2.5,Reducción,Si
Indicadores,Igualdad de género y empoderamiento de la mujer,"Tasa de feminicidios x 100,000 mujeres",Menor es mejor,2023.0,0.86,2019.0,3.36,2023.0,0.86,-2.5,Reducción,Si
Indicadores,Igualdad de género y empoderamiento de la mujer,"Tasa de muertes violentas de mujeres x 100,000",Menor es mejor,2014.0,8.68,2019.0,6.84,2023.0,1.21,-5.63,Reducción,Si
Indicadores,Igualdad de género y empoderamiento de la mujer,"Tasa de muertes violentas de mujeres x 100,000",Menor es mejor,2015.0,16.82,2019.0,6.84,2023.0,1.21,-5.63,Reducción,Si
Indicadores,Igualdad de género y empoderamiento de la mujer,"Tasa de muertes violentas de mujeres x 100,000",Menor es mejor,2016.0,15.19,2019.0,6.84,2023.0,1.21,-5.63,Reducción,Si
Indicadores,Igualdad de género y empoderamiento de la mujer,"Tasa de muertes violentas de mujeres x 100,000",Menor es mejor,2017.0,13.46,2019.0,6.84,2023.0,1.21,-5.63,Reducción,Si
Indicadores,Igualdad de género y empoderamiento de la mujer,"Tasa de muertes violentas de mujeres x 100,000",Menor es mejor,2018.0,10.98,2019.0,6.84,2023.0,1.21,-5.63,Reducción,Si
Indicadores,Igualdad de género y empoderamiento de la mujer,"Tasa de muertes violentas de mujeres x 100,000",Menor es mejor,2019.0,6.84,2019.0,6.84,2023.0,1.21,-5.63,Reducción,Si
Indicadores,Igualdad de género y empoderamiento de la mujer,"Tasa de muertes violentas de mujeres x 100,000",Menor es mejor,2020.0,3.89,2019.0,6.84,2023.0,1.21,-5.63,Reducción,Si
Indicadores,Igualdad de género y empoderamiento de la mujer,"Tasa de muertes violentas de mujeres x 100,000",Menor es mejor,2021.0,3.95,2019.0,6.84,2023.0,1.21,-5.63,Reducción,Si
Indicadores,Igualdad de género y empoderamiento de la mujer,"Tasa de muertes violentas de mujeres x 100,000",Menor es mejor,2022.0,2.1,2019.0,6.84,2023.0,1.21,-5.63,Reducción,Si
Indicadores,Igualdad de género y empoderamiento de la mujer,"Tasa de muertes violentas de mujeres x 100,000",Menor es mejor,2023.0,1.21,2019.0,6.84,2023.0,1.21,-5.63,Reducción,Si
Indicadores,Incremento de la educación (con énfasis en jóvenes),Escolaridad promedio en personas de 15 años y más,Mayor es mejor,2024.0,8.3,2019.0,,2024.0,,,,nan
Indicadores,Incremento de la educación (con énfasis en jóvenes),Porcentaje de personas 15 a 35 años que han completado educación básica o secundaria baja (hasta 9 grado),Mayor es mejor,2024.0,55.2,2019.0,,2023.0,55.3,55.3,Aumento,Si
Indicadores,Incremento de la educación (con énfasis en jóvenes),"Porcentaje de personas 21 a 35 años que han completado algún nivel de educación superior (técnico, universitario o postgrado)",Mayor es mejor,2024.0,7.9,2019.0,,2023.0,9.1,9.1,Aumento,Si
Indicadores,Incremento de la educación (con énfasis en jóvenes),Porcentaje de personas de 18 a 35 años que han completado educación media o secundaria alta,Mayor es mejor,2024.0,44.8,2019.0,,2023.0,42.7,42.7,Aumento,Si
Indicadores,Reducción de la pobreza y la desigualdad,Porcentaje de la población en pobreza extrema (ODS 1.2.1.a),Menor es mejor,2014.0,9.3,2019.0,5.5,2023.0,9.3,3.800000000000001,Aumento,No
Indicadores,Reducción de la pobreza y la desigualdad,Porcentaje de la población en pobreza extrema (ODS 1.2.1.a),Menor es mejor,2015.0,10.0,2019.0,5.5,2023.0,9.3,3.800000000000001,Aumento,No
Indicadores,Reducción de la pobreza y la desigualdad,Porcentaje de la población en pobreza extrema (ODS 1.2.1.a),Menor es mejor,2016.0,9.9,2019.0,5.5,2023.0,9.3,3.800000000000001,Aumento,No
Indicadores,Reducción de la pobreza y la desigualdad,Porcentaje de la población en pobreza extrema (ODS 1.2.1.a),Menor es mejor,2017.0,7.5,2019.0,5.5,2023.0,9.3,3.800000000000001,Aumento,No
Indicadores,Reducción de la pobreza y la desigualdad,Porcentaje de la población en pobreza extrema (ODS 1.2.1.a),Menor es mejor,2018.0,7.3,2019.0,5.5,2023.0,9.3,3.800000000000001,Aumento,No
Indicadores,Reducción de la pobreza y la desigualdad,Porcentaje de la población en pobreza extrema (ODS 1.2.1.a),Menor es mejor,2019.0,5.5,2019.0,5.5,2023.0,9.3,3.800000000000001,Aumento,No
Indicadores,Reducción de la pobreza y la desigualdad,Porcentaje de la población en pobreza extrema (ODS 1.2.1.a),Menor es mejor,2020.0,8.7,2019.0,5.5,2023.0,9.3,3.800000000000001,Aumento,No
Indicadores,Reducción de la pobreza y la desigualdad,Porcentaje de la población en pobreza extrema (ODS 1.2.1.a),Menor es mejor,2021.0,8.4,2019.0,5.5,2023.0,9.3,3.800000000000001,Aumento,No
Indicadores,Reducción de la pobreza y la desigualdad,Porcentaje de la población en pobreza extrema (ODS 1.2.1.a),Menor es mejor,2022.0,9.1,2019.0,5.5,2023.0,9.3,3.800000000000001,Aumento,No
Indicadores,Reducción de la pobreza y la desigualdad,Porcentaje de la población en pobreza extrema (ODS 1.2.1.a),Menor es mejor,2023.0,9.3,2019.0,5.5,2023.0,9.3,3.800000000000001,Aumento,No
Indicadores,Reducción de la pobreza y la desigualdad,Porcentaje de la población que vive por debajo del umbral nacional de la pobreza (ODS 1.2.1),Menor es mejor,2014.0,37.2,2019.0,26.8,2023.0,30.3,3.5,Aumento,No
Indicadores,Reducción de la pobreza y la desigualdad,Porcentaje de la población que vive por debajo del umbral nacional de la pobreza (ODS 1.2.1),Menor es mejor,2015.0,40.6,2019.0,26.8,2023.0,30.3,3.5,Aumento,No
Indicadores,Reducción de la pobreza y la desigualdad,Porcentaje de la población que vive por debajo del umbral nacional de la pobreza (ODS 1.2.1),Menor es mejor,2016.0,38.2,2019.0,26.8,2023.0,30.3,3.5,Aumento,No
Indicadores,Reducción de la pobreza y la desigualdad,Porcentaje de la población que vive por debajo del umbral nacional de la pobreza (ODS 1.2.1),Menor es mejor,2017.0,33.7,2019.0,26.8,2023.0,30.3,3.5,Aumento,No
Indicadores,Reducción de la pobreza y la desigualdad,Porcentaje de la población que vive por debajo del umbral nacional de la pobreza (ODS 1.2.1),Menor es mejor,2018.0,30.9,2019.0,26.8,2023.0,30.3,3.5,Aumento,No
Indicadores,Reducción de la pobreza y la desigualdad,Porcentaje de la población que vive por debajo del umbral nacional de la pobreza (ODS 1.2.1),Menor es mejor,2019.0,26.8,2019.0,26.8,2023.0,30.3,3.5,Aumento,No
Indicadores,Reducción de la pobreza y la desigualdad,Porcentaje de la población que vive por debajo del umbral nacional de la pobreza (ODS 1.2.1),Menor es mejor,2020.0,28.7,2019.0,26.8,2023.0,30.3,3.5,Aumento,No
Indicadores,Reducción de la pobreza y la desigualdad,Porcentaje de la población que vive por debajo del umbral nacional de la pobreza (ODS 1.2.1),Menor es mejor,2021.0,27.8,2019.0,26.8,2023.0,30.3,3.5,Aumento,No
Indicadores,Reducción de la pobreza y la desigualdad,Porcentaje de la población que vive por debajo del umbral nacional de la pobreza (ODS 1.2.1),Menor es mejor,2022.0,29.5,2019.0,26.8,2023.0,30.3,3.5,Aumento,No
Indicadores,Reducción de la pobreza y la desigualdad,Porcentaje de la población que vive por debajo del umbral nacional de la pobreza (ODS 1.2.1),Menor es mejor,2023.0,30.3,2019.0,26.8,2023.0,30.3,3.5,Aumento,No
Indicadores,Reducción de la pobreza y la desigualdad,Porcentaje de población en Pobreza en todas las dimensiones (ODS 1.2.2),Menor es mejor,2014.0,40.5,2019.0,32.0,2023.0,27.8,-4.199999999999999,Reducción,Si
Indicadores,Reducción de la pobreza y la desigualdad,Porcentaje de población en Pobreza en todas las dimensiones (ODS 1.2.2),Menor es mejor,2016.0,39.4,2019.0,32.0,2023.0,27.8,-4.199999999999999,Reducción,Si
Indicadores,Reducción de la pobreza y la desigualdad,Porcentaje de población en Pobreza en todas las dimensiones (ODS 1.2.2),Menor es mejor,2017.0,38.9,2019.0,32.0,2023.0,27.8,-4.199999999999999,Reducción,Si
Indicadores,Reducción de la pobreza y la desigualdad,Porcentaje de población en Pobreza en todas las dimensiones (ODS 1.2.2),Menor es mejor,2018.0,33.82874937507187,2019.0,32.0,2023.0,27.8,-4.199999999999999,Reducción,Si
Indicadores,Reducción de la pobreza y la desigualdad,Porcentaje de población en Pobreza en todas las dimensiones (ODS 1.2.2),Menor es mejor,2019.0,32.0,2019.0,32.0,2023.0,27.8,-4.199999999999999,Reducción,Si
Indicadores,Reducción de la pobreza y la desigualdad,Porcentaje de población en Pobreza en todas las dimensiones (ODS 1.2.2),Menor es mejor,2020.0,30.6,2019.0,32.0,2023.0,27.8,-4.199999999999999,Reducción,Si
Indicadores,Reducción de la pobreza y la desigualdad,Porcentaje de población en Pobreza en todas las dimensiones (ODS 1.2.2),Menor es mejor,2021.0,30.8,2019.0,32.0,2023.0,27.8,-4.199999999999999,Reducción,Si
Indicadores,Reducción de la pobreza y la desigualdad,Porcentaje de población en Pobreza en todas las dimensiones (ODS 1.2.2),Menor es mejor,2022.0,29.3,2019.0,32.0,2023.0,27.8,-4.199999999999999,Reducción,Si
Indicadores,Reducción de la pobreza y la desigualdad,Porcentaje de población en Pobreza en todas las dimensiones (ODS 1.2.2),Menor es mejor,2023.0,27.8,2019.0,32.0,2023.0,27.8,-4.199999999999999,Reducción,Si
Indicadores,Reducción del desempleo y subempleo (con énfasis en jóvenes),Porcentaje de personas de 16 a 35 años con Sub-empleo e inestabilidad del trabajo,Menor es mejor,2023.0,89.4,2019.0,,2023.0,89.4,,Reducción,Si
Indicadores,Reducción del desempleo y subempleo (con énfasis en jóvenes),Porcentaje de personas de 16 a años y más con Sub-empleo e inestabilidad del trabajo,Menor es mejor,2019.0,90.42745412558452,2019.0,,2023.0,89.89322729550537,-0.5342268300791488,Nuevo,nan
Indicadores,Reducción del desempleo y subempleo (con énfasis en jóvenes),Porcentaje de personas de 16 a años y más con Sub-empleo e inestabilidad del trabajo,Menor es mejor,2020.0,89.74286112112414,2019.0,,2023.0,89.89322729550537,-0.5342268300791488,Nuevo,nan
Indicadores,Reducción del desempleo y subempleo (con énfasis en jóvenes),Porcentaje de personas de 16 a años y más con Sub-empleo e inestabilidad del trabajo,Menor es mejor,2021.0,91.4768501624646,2019.0,,2023.0,89.89322729550537,-0.5342268300791488,Nuevo,nan
Indicadores,Reducción del desempleo y subempleo (con énfasis en jóvenes),Porcentaje de personas de 16 a años y más con Sub-empleo e inestabilidad del trabajo,Menor es mejor,2022.0,90.90855371710019,2019.0,,2023.0,89.89322729550537,-0.5342268300791488,Nuevo,nan
Indicadores,Reducción del desempleo y subempleo (con énfasis en jóvenes),Porcentaje de personas de 16 a años y más con Sub-empleo e inestabilidad del trabajo,Menor es mejor,2023.0,89.89322729550537,2019.0,,2023.0,89.89322729550537,-0.5342268300791488,Nuevo,nan
Indicadores,Reducción del desempleo y subempleo (con énfasis en jóvenes),Tasa de desempleo en personas de 16 a más,Menor es mejor,2019.0,6.3,2019.0,,2023.0,5.2,-1.1,Reducción,Si
Indicadores,Reducción del desempleo y subempleo (con énfasis en jóvenes),Tasa de desempleo en personas de 16 a más,Menor es mejor,2020.0,6.9,2019.0,,2023.0,5.2,-1.1,Reducción,Si
Indicadores,Reducción del desempleo y subempleo (con énfasis en jóvenes),Tasa de desempleo en personas de 16 a más,Menor es mejor,2021.0,6.3,2019.0,,2023.0,5.2,-1.1,Reducción,Si
Indicadores,Reducción del desempleo y subempleo (con énfasis en jóvenes),Tasa de desempleo en personas de 16 a más,Menor es mejor,2022.0,5.0,2019.0,,2023.0,5.2,-1.1,Reducción,Si
Indicadores,Reducción del desempleo y subempleo (con énfasis en jóvenes),Tasa de desempleo en personas de 16 a más,Menor es mejor,2023.0,5.2,2019.0,,2023.0,5.2,-1.1,Reducción,Si
Indicadores,Reducción del desempleo y subempleo (con énfasis en jóvenes),"Tasa de desempleo juvenil en personas de 16 a 35 años (ODS 8.5.2, desagregación)",Menor es mejor,2023.0,7.1,2019.0,,2023.0,7.1,,Reducción,Si
Indicadores,Salud y reducción de mortalidad prematura,"Razón de mortalidad materna x 100,000 NV (ODS 3.1.1)",Menor es mejor,2014.0,45.6,2019.0,24.3,2023.0,26.8,2.5,Aumento,No
Indicadores,Salud y reducción de mortalidad prematura,"Razón de mortalidad materna x 100,000 NV (ODS 3.1.1)",Menor es mejor,2015.0,42.3,2019.0,24.3,2023.0,26.8,2.5,Aumento,No
Indicadores,Salud y reducción de mortalidad prematura,"Razón de mortalidad materna x 100,000 NV (ODS 3.1.1)",Menor es mejor,2016.0,27.4,2019.0,24.3,2023.0,26.8,2.5,Aumento,No
Indicadores,Salud y reducción de mortalidad prematura,"Razón de mortalidad materna x 100,000 NV (ODS 3.1.1)",Menor es mejor,2017.0,31.1,2019.0,24.3,2023.0,26.8,2.5,Aumento,No
Indicadores,Salud y reducción de mortalidad prematura,"Razón de mortalidad materna x 100,000 NV (ODS 3.1.1)",Menor es mejor,2018.0,28.6,2019.0,24.3,2023.0,26.8,2.5,Aumento,No
Indicadores,Salud y reducción de mortalidad prematura,"Razón de mortalidad materna x 100,000 NV (ODS 3.1.1)",Menor es mejor,2019.0,24.3,2019.0,24.3,2023.0,26.8,2.5,Aumento,No
Indicadores,Salud y reducción de mortalidad prematura,"Razón de mortalidad materna x 100,000 NV (ODS 3.1.1)",Menor es mejor,2020.0,41.4,2019.0,24.3,2023.0,26.8,2.5,Aumento,No
Indicadores,Salud y reducción de mortalidad prematura,"Razón de mortalidad materna x 100,000 NV (ODS 3.1.1)",Menor es mejor,2021.0,62.9,2019.0,24.3,2023.0,26.8,2.5,Aumento,No
Indicadores,Salud y reducción de mortalidad prematura,"Razón de mortalidad materna x 100,000 NV (ODS 3.1.1)",Menor es mejor,2022.0,34.5,2019.0,24.3,2023.0,26.8,2.5,Aumento,No
Indicadores,Salud y reducción de mortalidad prematura,"Razón de mortalidad materna x 100,000 NV (ODS 3.1.1)",Menor es mejor,2023.0,26.8,2019.0,24.3,2023.0,26.8,2.5,Aumento,No
Indicadores,Salud y reducción de mortalidad prematura,"Tasa de mortalidad en menores de 1 año x 1,000 NV",Menor es mejor,2014.0,9.3,2019.0,8.7,2023.0,8.6,-0.09999999999999964,Reducción,Si
Indicadores,Salud y reducción de mortalidad prematura,"Tasa de mortalidad en menores de 1 año x 1,000 NV",Menor es mejor,2015.0,9.9,2019.0,8.7,2023.0,8.6,-0.09999999999999964,Reducción,Si
Indicadores,Salud y reducción de mortalidad prematura,"Tasa de mortalidad en menores de 1 año x 1,000 NV",Menor es mejor,2016.0,9.8,2019.0,8.7,2023.0,8.6,-0.09999999999999964,Reducción,Si
Indicadores,Salud y reducción de mortalidad prematura,"Tasa de mortalidad en menores de 1 año x 1,000 NV",Menor es mejor,2017.0,9.1,2019.0,8.7,2023.0,8.6,-0.09999999999999964,Reducción,Si
Indicadores,Salud y reducción de mortalidad prematura,"Tasa de mortalidad en menores de 1 año x 1,000 NV",Menor es mejor,2018.0,9.2,2019.0,8.7,2023.0,8.6,-0.09999999999999964,Reducción,Si
Indicadores,Salud y reducción de mortalidad prematura,"Tasa de mortalidad en menores de 1 año x 1,000 NV",Menor es mejor,2019.0,8.7,2019.0,8.7,2023.0,8.6,-0.09999999999999964,Reducción,Si
Indicadores,Salud y reducción de mortalidad prematura,"Tasa de mortalidad en menores de 1 año x 1,000 NV",Menor es mejor,2020.0,7.6,2019.0,8.7,2023.0,8.6,-0.09999999999999964,Reducción,Si
Indicadores,Salud y reducción de mortalidad prematura,"Tasa de mortalidad en menores de 1 año x 1,000 NV",Menor es mejor,2021.0,9.3,2019.0,8.7,2023.0,8.6,-0.09999999999999964,Reducción,Si
Indicadores,Salud y reducción de mortalidad prematura,"Tasa de mortalidad en menores de 1 año x 1,000 NV",Menor es mejor,2022.0,8.7,2019.0,8.7,2023.0,8.6,-0.09999999999999964,Reducción,Si
Indicadores,Salud y reducción de mortalidad prematura,"Tasa de mortalidad en menores de 1 año x 1,000 NV",Menor es mejor,2023.0,8.6,2019.0,8.7,2023.0,8.6,-0.09999999999999964,Reducción,Si
Indicadores,Salud y reducción de mortalidad prematura,"Tasa de mortalidad en menores de 5 años (ODS 3.2.1) x 1,000 NV",Menor es mejor,2014.0,11.3,2019.0,10.2,2023.0,10.2,0.0,mantiene el valor LB,Sin Cambio
Indicadores,Salud y reducción de mortalidad prematura,"Tasa de mortalidad en menores de 5 años (ODS 3.2.1) x 1,000 NV",Menor es mejor,2015.0,12.3,2019.0,10.2,2023.0,10.2,0.0,mantiene el valor LB,Sin Cambio
Indicadores,Salud y reducción de mortalidad prematura,"Tasa de mortalidad en menores de 5 años (ODS 3.2.1) x 1,000 NV",Menor es mejor,2016.0,11.8,2019.0,10.2,2023.0,10.2,0.0,mantiene el valor LB,Sin Cambio
Indicadores,Salud y reducción de mortalidad prematura,"Tasa de mortalidad en menores de 5 años (ODS 3.2.1) x 1,000 NV",Menor es mejor,2017.0,10.9,2019.0,10.2,2023.0,10.2,0.0,mantiene el valor LB,Sin Cambio
Indicadores,Salud y reducción de mortalidad prematura,"Tasa de mortalidad en menores de 5 años (ODS 3.2.1) x 1,000 NV",Menor es mejor,2018.0,10.8,2019.0,10.2,2023.0,10.2,0.0,mantiene el valor LB,Sin Cambio
Indicadores,Salud y reducción de mortalidad prematura,"Tasa de mortalidad en menores de 5 años (ODS 3.2.1) x 1,000 NV",Menor es mejor,2019.0,10.2,2019.0,10.2,2023.0,10.2,0.0,mantiene el valor LB,Sin Cambio
Indicadores,Salud y reducción de mortalidad prematura,"Tasa de mortalidad en menores de 5 años (ODS 3.2.1) x 1,000 NV",Menor es mejor,2020.0,9.8,2019.0,10.2,2023.0,10.2,0.0,mantiene el valor LB,Sin Cambio
Indicadores,Salud y reducción de mortalidad prematura,"Tasa de mortalidad en menores de 5 años (ODS 3.2.1) x 1,000 NV",Menor es mejor,2021.0,10.8,2019.0,10.2,2023.0,10.2,0.0,mantiene el valor LB,Sin Cambio
Indicadores,Salud y reducción de mortalidad prematura,"Tasa de mortalidad en menores de 5 años (ODS 3.2.1) x 1,000 NV",Menor es mejor,2022.0,10.4,2019.0,10.2,2023.0,10.2,0.0,mantiene el valor LB,Sin Cambio
Indicadores,Salud y reducción de mortalidad prematura,"Tasa de mortalidad en menores de 5 años (ODS 3.2.1) x 1,000 NV",Menor es mejor,2023.0,10.2,2019.0,10.2,2023.0,10.2,0.0,mantiene el valor LB,Sin Cambio
Indicadores,Salud y reducción de mortalidad prematura,"Tasa de mortalidad neonatal x 1,000 NV (ODS 3.2.2)",Menor es mejor,2014.0,5.4,2019.0,5.0,2023.0,5.0,0.0,mantiene el valor LB,Sin Cambio
Indicadores,Salud y reducción de mortalidad prematura,"Tasa de mortalidad neonatal x 1,000 NV (ODS 3.2.2)",Menor es mejor,2015.0,5.7,2019.0,5.0,2023.0,5.0,0.0,mantiene el valor LB,Sin Cambio
Indicadores,Salud y reducción de mortalidad prematura,"Tasa de mortalidad neonatal x 1,000 NV (ODS 3.2.2)",Menor es mejor,2016.0,5.5,2019.0,5.0,2023.0,5.0,0.0,mantiene el valor LB,Sin Cambio
Indicadores,Salud y reducción de mortalidad prematura,"Tasa de mortalidad neonatal x 1,000 NV (ODS 3.2.2)",Menor es mejor,2017.0,5.4,2019.0,5.0,2023.0,5.0,0.0,mantiene el valor LB,Sin Cambio
Indicadores,Salud y reducción de mortalidad prematura,"Tasa de mortalidad neonatal x 1,000 NV (ODS 3.2.2)",Menor es mejor,2018.0,5.9,2019.0,5.0,2023.0,5.0,0.0,mantiene el valor LB,Sin Cambio
Indicadores,Salud y reducción de mortalidad prematura,"Tasa de mortalidad neonatal x 1,000 NV (ODS 3.2.2)",Menor es mejor,2019.0,5.0,2019.0,5.0,2023.0,5.0,0.0,mantiene el valor LB,Sin Cambio
Indicadores,Salud y reducción de mortalidad prematura,"Tasa de mortalidad neonatal x 1,000 NV (ODS 3.2.2)",Menor es mejor,2020.0,4.9,2019.0,5.0,2023.0,5.0,0.0,mantiene el valor LB,Sin Cambio
Indicadores,Salud y reducción de mortalidad prematura,"Tasa de mortalidad neonatal x 1,000 NV (ODS 3.2.2)",Menor es mejor,2021.0,5.7,2019.0,5.0,2023.0,5.0,0.0,mantiene el valor LB,Sin Cambio
Indicadores,Salud y reducción de mortalidad prematura,"Tasa de mortalidad neonatal x 1,000 NV (ODS 3.2.2)",Menor es mejor,2022.0,5.2,2019.0,5.0,2023.0,5.0,0.0,mantiene el valor LB,Sin Cambio
Indicadores,Salud y reducción de mortalidad prematura,"Tasa de mortalidad neonatal x 1,000 NV (ODS 3.2.2)",Menor es mejor,2023.0,5.0,2019.0,5.0,2023.0,5.0,0.0,mantiene el valor LB,Sin Cambio
Indicadores,Salud y reducción de mortalidad prematura,"Tasa de mortalidad prematura por cáncer x 100,000 habitantes (30-69 años)",Menor es mejor,2014.0,52.3,2019.0,62.5,2023.0,64.5,2.0,Aumento,No
Indicadores,Salud y reducción de mortalidad prematura,"Tasa de mortalidad prematura por cáncer x 100,000 habitantes (30-69 años)",Menor es mejor,2015.0,50.2,2019.0,62.5,2023.0,64.5,2.0,Aumento,No
Indicadores,Salud y reducción de mortalidad prematura,"Tasa de mortalidad prematura por cáncer x 100,000 habitantes (30-69 años)",Menor es mejor,2016.0,60.7,2019.0,62.5,2023.0,64.5,2.0,Aumento,No
Indicadores,Salud y reducción de mortalidad prematura,"Tasa de mortalidad prematura por cáncer x 100,000 habitantes (30-69 años)",Menor es mejor,2017.0,71.5,2019.0,62.5,2023.0,64.5,2.0,Aumento,No
Indicadores,Salud y reducción de mortalidad prematura,"Tasa de mortalidad prematura por cáncer x 100,000 habitantes (30-69 años)",Menor es mejor,2018.0,64.4,2019.0,62.5,2023.0,64.5,2.0,Aumento,No
Indicadores,Salud y reducción de mortalidad prematura,"Tasa de mortalidad prematura por cáncer x 100,000 habitantes (30-69 años)",Menor es mejor,2019.0,62.5,2019.0,62.5,2023.0,64.5,2.0,Aumento,No
Indicadores,Salud y reducción de mortalidad prematura,"Tasa de mortalidad prematura por cáncer x 100,000 habitantes (30-69 años)",Menor es mejor,2020.0,54.8,2019.0,62.5,2023.0,64.5,2.0,Aumento,No
Indicadores,Salud y reducción de mortalidad prematura,"Tasa de mortalidad prematura por cáncer x 100,000 habitantes (30-69 años)",Menor es mejor,2021.0,58.4,2019.0,62.5,2023.0,64.5,2.0,Aumento,No
Indicadores,Salud y reducción de mortalidad prematura,"Tasa de mortalidad prematura por cáncer x 100,000 habitantes (30-69 años)",Menor es mejor,2022.0,59.5,2019.0,62.5,2023.0,64.5,2.0,Aumento,No
Indicadores,Salud y reducción de mortalidad prematura,"Tasa de mortalidad prematura por cáncer x 100,000 habitantes (30-69 años)",Menor es mejor,2023.0,64.5,2019.0,62.5,2023.0,64.5,2.0,Aumento,No
Indicadores,Salud y reducción de mortalidad prematura,"Tasa de mortalidad prematura por diabetes x 100,000 habitantes (30-69 años)",Menor es mejor,2014.0,26.4,2019.0,39.3,2023.0,34.0,-5.299999999999997,Reducción,Si
Indicadores,Salud y reducción de mortalidad prematura,"Tasa de mortalidad prematura por diabetes x 100,000 habitantes (30-69 años)",Menor es mejor,2015.0,23.4,2019.0,39.3,2023.0,34.0,-5.299999999999997,Reducción,Si
Indicadores,Salud y reducción de mortalidad prematura,"Tasa de mortalidad prematura por diabetes x 100,000 habitantes (30-69 años)",Menor es mejor,2016.0,32.5,2019.0,39.3,2023.0,34.0,-5.299999999999997,Reducción,Si
Indicadores,Salud y reducción de mortalidad prematura,"Tasa de mortalidad prematura por diabetes x 100,000 habitantes (30-69 años)",Menor es mejor,2017.0,39.7,2019.0,39.3,2023.0,34.0,-5.299999999999997,Reducción,Si
Indicadores,Salud y reducción de mortalidad prematura,"Tasa de mortalidad prematura por diabetes x 100,000 habitantes (30-69 años)",Menor es mejor,2018.0,40.4,2019.0,39.3,2023.0,34.0,-5.299999999999997,Reducción,Si
Indicadores,Salud y reducción de mortalidad prematura,"Tasa de mortalidad prematura por diabetes x 100,000 habitantes (30-69 años)",Menor es mejor,2019.0,39.3,2019.0,39.3,2023.0,34.0,-5.299999999999997,Reducción,Si
Indicadores,Salud y reducción de mortalidad prematura,"Tasa de mortalidad prematura por diabetes x 100,000 habitantes (30-69 años)",Menor es mejor,2020.0,46.1,2019.0,39.3,2023.0,34.0,-5.299999999999997,Reducción,Si
Indicadores,Salud y reducción de mortalidad prematura,"Tasa de mortalidad prematura por diabetes x 100,000 habitantes (30-69 años)",Menor es mejor,2021.0,39.1,2019.0,39.3,2023.0,34.0,-5.299999999999997,Reducción,Si
Indicadores,Salud y reducción de mortalidad prematura,"Tasa de mortalidad prematura por diabetes x 100,000 habitantes (30-69 años)",Menor es mejor,2022.0,37.0,2019.0,39.3,2023.0,34.0,-5.299999999999997,Reducción,Si
Indicadores,Salud y reducción de mortalidad prematura,"Tasa de mortalidad prematura por diabetes x 100,000 habitantes (30-69 años)",Menor es mejor,2023.0,34.0,2019.0,39.3,2023.0,34.0,-5.299999999999997,Reducción,Si
Indicadores,Salud y reducción de mortalidad prematura,"Tasa de mortalidad prematura por enfermedades cardiovasculares x 100,000 habitantes (30-69 años)",Menor es mejor,2014.0,104.7,2019.0,118.3,2023.0,135.7,17.39999999999999,Aumento,No
Indicadores,Salud y reducción de mortalidad prematura,"Tasa de mortalidad prematura por enfermedades cardiovasculares x 100,000 habitantes (30-69 años)",Menor es mejor,2015.0,114.0,2019.0,118.3,2023.0,135.7,17.39999999999999,Aumento,No
Indicadores,Salud y reducción de mortalidad prematura,"Tasa de mortalidad prematura por enfermedades cardiovasculares x 100,000 habitantes (30-69 años)",Menor es mejor,2016.0,107.6,2019.0,118.3,2023.0,135.7,17.39999999999999,Aumento,No
Indicadores,Salud y reducción de mortalidad prematura,"Tasa de mortalidad prematura por enfermedades cardiovasculares x 100,000 habitantes (30-69 años)",Menor es mejor,2017.0,113.1,2019.0,118.3,2023.0,135.7,17.39999999999999,Aumento,No
Indicadores,Salud y reducción de mortalidad prematura,"Tasa de mortalidad prematura por enfermedades cardiovasculares x 100,000 habitantes (30-69 años)",Menor es mejor,2018.0,119.6,2019.0,118.3,2023.0,135.7,17.39999999999999,Aumento,No
Indicadores,Salud y reducción de mortalidad prematura,"Tasa de mortalidad prematura por enfermedades cardiovasculares x 100,000 habitantes (30-69 años)",Menor es mejor,2019.0,118.3,2019.0,118.3,2023.0,135.7,17.39999999999999,Aumento,No
Indicadores,Salud y reducción de mortalidad prematura,"Tasa de mortalidad prematura por enfermedades cardiovasculares x 100,000 habitantes (30-69 años)",Menor es mejor,2020.0,147.2,2019.0,118.3,2023.0,135.7,17.39999999999999,Aumento,No
Indicadores,Salud y reducción de mortalidad prematura,"Tasa de mortalidad prematura por enfermedades cardiovasculares x 100,000 habitantes (30-69 años)",Menor es mejor,2021.0,159.2,2019.0,118.3,2023.0,135.7,17.39999999999999,Aumento,No
Indicadores,Salud y reducción de mortalidad prematura,"Tasa de mortalidad prematura por enfermedades cardiovasculares x 100,000 habitantes (30-69 años)",Menor es mejor,2022.0,146.1,2019.0,118.3,2023.0,135.7,17.39999999999999,Aumento,No
Indicadores,Salud y reducción de mortalidad prematura,"Tasa de mortalidad prematura por enfermedades cardiovasculares x 100,000 habitantes (30-69 años)",Menor es mejor,2023.0,135.7,2019.0,118.3,2023.0,135.7,17.39999999999999,Aumento,No
Indicadores,Salud y reducción de mortalidad prematura,"Tasa de mortalidad prematura por insuficiencia renal crónica x 100,000 habitantes (30-69 años)",Menor es mejor,2014.0,46.1,2019.0,61.0,2023.0,64.7,3.700000000000003,Aumento,No
Indicadores,Salud y reducción de mortalidad prematura,"Tasa de mortalidad prematura por insuficiencia renal crónica x 100,000 habitantes (30-69 años)",Menor es mejor,2015.0,45.1,2019.0,61.0,2023.0,64.7,3.700000000000003,Aumento,No
Indicadores,Salud y reducción de mortalidad prematura,"Tasa de mortalidad prematura por insuficiencia renal crónica x 100,000 habitantes (30-69 años)",Menor es mejor,2016.0,56.0,2019.0,61.0,2023.0,64.7,3.700000000000003,Aumento,No
Indicadores,Salud y reducción de mortalidad prematura,"Tasa de mortalidad prematura por insuficiencia renal crónica x 100,000 habitantes (30-69 años)",Menor es mejor,2017.0,59.3,2019.0,61.0,2023.0,64.7,3.700000000000003,Aumento,No
Indicadores,Salud y reducción de mortalidad prematura,"Tasa de mortalidad prematura por insuficiencia renal crónica x 100,000 habitantes (30-69 años)",Menor es mejor,2018.0,59.9,2019.0,61.0,2023.0,64.7,3.700000000000003,Aumento,No
Indicadores,Salud y reducción de mortalidad prematura,"Tasa de mortalidad prematura por insuficiencia renal crónica x 100,000 habitantes (30-69 años)",Menor es mejor,2019.0,61.0,2019.0,61.0,2023.0,64.7,3.700000000000003,Aumento,No
Indicadores,Salud y reducción de mortalidad prematura,"Tasa de mortalidad prematura por insuficiencia renal crónica x 100,000 habitantes (30-69 años)",Menor es mejor,2020.0,70.2,2019.0,61.0,2023.0,64.7,3.700000000000003,Aumento,No
Indicadores,Salud y reducción de mortalidad prematura,"Tasa de mortalidad prematura por insuficiencia renal crónica x 100,000 habitantes (30-69 años)",Menor es mejor,2021.0,64.4,2019.0,61.0,2023.0,64.7,3.700000000000003,Aumento,No
Indicadores,Salud y reducción de mortalidad prematura,"Tasa de mortalidad prematura por insuficiencia renal crónica x 100,000 habitantes (30-69 años)",Menor es mejor,2022.0,63.4,2019.0,61.0,2023.0,64.7,3.700000000000003,Aumento,No
Indicadores,Salud y reducción de mortalidad prematura,"Tasa de mortalidad prematura por insuficiencia renal crónica x 100,000 habitantes (30-69 años)",Menor es mejor,2023.0,64.7,2019.0,61.0,2023.0,64.7,3.700000000000003,Aumento,No
Indicadores,Salud y reducción de mortalidad prematura,"Tasa de mortalidad prematura x 100,000 habitantes menores de 70 años",Menor es mejor,2014.0,299.6,2019.0,304.7,2023.0,306.1,1.400000000000034,Aumento,No
Indicadores,Salud y reducción de mortalidad prematura,"Tasa de mortalidad prematura x 100,000 habitantes menores de 70 años",Menor es mejor,2015.0,351.2,2019.0,304.7,2023.0,306.1,1.400000000000034,Aumento,No
Indicadores,Salud y reducción de mortalidad prematura,"Tasa de mortalidad prematura x 100,000 habitantes menores de 70 años",Menor es mejor,2016.0,342.1,2019.0,304.7,2023.0,306.1,1.400000000000034,Aumento,No
Indicadores,Salud y reducción de mortalidad prematura,"Tasa de mortalidad prematura x 100,000 habitantes menores de 70 años",Menor es mejor,2017.0,333.1,2019.0,304.7,2023.0,306.1,1.400000000000034,Aumento,No
Indicadores,Salud y reducción de mortalidad prematura,"Tasa de mortalidad prematura x 100,000 habitantes menores de 70 años",Menor es mejor,2018.0,328.5,2019.0,304.7,2023.0,306.1,1.400000000000034,Aumento,No
Indicadores,Salud y reducción de mortalidad prematura,"Tasa de mortalidad prematura x 100,000 habitantes menores de 70 años",Menor es mejor,2019.0,304.7,2019.0,304.7,2023.0,306.1,1.400000000000034,Aumento,No
Indicadores,Salud y reducción de mortalidad prematura,"Tasa de mortalidad prematura x 100,000 habitantes menores de 70 años",Menor es mejor,2020.0,296.3,2019.0,304.7,2023.0,306.1,1.400000000000034,Aumento,No
Indicadores,Salud y reducción de mortalidad prematura,"Tasa de mortalidad prematura x 100,000 habitantes menores de 70 años",Menor es mejor,2021.0,305.4,2019.0,304.7,2023.0,306.1,1.400000000000034,Aumento,No
Indicadores,Salud y reducción de mortalidad prematura,"Tasa de mortalidad prematura x 100,000 habitantes menores de 70 años",Menor es mejor,2022.0,320.4,2019.0,304.7,2023.0,306.1,1.400000000000034,Aumento,No
Indicadores,Salud y reducción de mortalidad prematura,"Tasa de mortalidad prematura x 100,000 habitantes menores de 70 años",Menor es mejor,2023.0,306.1,2019.0,304.7,2023.0,306.1,1.400000000000034,Aumento,No
Indicadores,Seguridad alimentaria y nutricional,Porcentaje de hogares en Inseguridad alimentaria,Menor es mejor,2014.0,19.2,2019.0,16.0,2023.0,14.7,-1.300000000000001,Reducción,Si
Indicadores,Seguridad alimentaria y nutricional,Porcentaje de hogares en Inseguridad alimentaria,Menor es mejor,2016.0,23.5,2019.0,16.0,2023.0,14.7,-1.300000000000001,Reducción,Si
Indicadores,Seguridad alimentaria y nutricional,Porcentaje de hogares en Inseguridad alimentaria,Menor es mejor,2017.0,20.9,2019.0,16.0,2023.0,14.7,-1.300000000000001,Reducción,Si
Indicadores,Seguridad alimentaria y nutricional,Porcentaje de hogares en Inseguridad alimentaria,Menor es mejor,2018.0,17.5,2019.0,16.0,2023.0,14.7,-1.300000000000001,Reducción,Si
Indicadores,Seguridad alimentaria y nutricional,Porcentaje de hogares en Inseguridad alimentaria,Menor es mejor,2019.0,16.0,2019.0,16.0,2023.0,14.7,-1.300000000000001,Reducción,Si
Indicadores,Seguridad alimentaria y nutricional,Porcentaje de hogares en Inseguridad alimentaria,Menor es mejor,2020.0,17.0,2019.0,16.0,2023.0,14.7,-1.300000000000001,Reducción,Si
Indicadores,Seguridad alimentaria y nutricional,Porcentaje de hogares en Inseguridad alimentaria,Menor es mejor,2021.0,12.8,2019.0,16.0,2023.0,14.7,-1.300000000000001,Reducción,Si
Indicadores,Seguridad alimentaria y nutricional,Porcentaje de hogares en Inseguridad alimentaria,Menor es mejor,2022.0,11.3,2019.0,16.0,2023.0,14.7,-1.300000000000001,Reducción,Si
Indicadores,Seguridad alimentaria y nutricional,Porcentaje de hogares en Inseguridad alimentaria,Menor es mejor,2023.0,14.7,2019.0,16.0,2023.0,14.7,-1.300000000000001,Reducción,Si
Indicadores,Seguridad alimentaria y nutricional,Porcentaje de niños y niñas con sobrepeso (ODS 2.2.2.a),Menor es mejor,2014.0,6.4,2014.0,6.4,2021.0,8.3,1.9,Aumento,No
Indicadores,Seguridad alimentaria y nutricional,Porcentaje de niños y niñas con sobrepeso (ODS 2.2.2.a),Menor es mejor,2021.0,8.3,2014.0,6.4,2021.0,8.3,1.9,Aumento,No
Indicadores,Seguridad alimentaria y nutricional,Prevalencia de retraso en crecimiento en niñas y niños menores de 5 años (ODS 2.2.1),Menor es mejor,2014.0,13.6,2014.0,13.6,2021.0,10.0,-3.6,Reducción,Si
Indicadores,Seguridad alimentaria y nutricional,Prevalencia de retraso en crecimiento en niñas y niños menores de 5 años (ODS 2.2.1),Menor es mejor,2021.0,10.0,2014.0,13.6,2021.0,10.0,-3.6,Reducción,Si
